{
    "liveChatPaidStickerRenderer": {
        "authorExternalChannelId": "UCfnlgOZ0YxwogGRplRWZuxg",
        "authorName": {
            "simpleText": "Raschkaa 04"
        },
        "authorNameTextColor": 3019898879,
        "authorPhoto": {
            "thumbnails": [
                {
                    "height": 32,
                    "url": "https://yt4.ggpht.com/ytc/AKedOLR_L72JpWpHy8wHFXBmEauJNMbDwUoiIYarbA=s32-c-k-c0x00ffffff-no-rj",
                    "width": 32
                },
                {
                    "height": 64,
                    "url": "https://yt4.ggpht.com/ytc/AKedOLR_L72JpWpHy8wHFXBmEauJNMbDwUoiIYarbA=s64-c-k-c0x00ffffff-no-rj",
                    "width": 64
                }
            ]
        },
        "backgroundColor": 4279592384,
        "contextMenuAccessibility": {
            "accessibilityData": {
                "label": "Comment actions"
            }
        },
        "contextMenuEndpoint": {
            "clickTrackingParams": "CAwQ77sEIhMI9rmdwN-O8wIVFVybCh3HAgQY",
            "commandMetadata": {
                "webCommandMetadata": {
                    "ignoreNavigation": true
                }
            },
            "liveChatItemContextMenuEndpoint": {
                "params": "Q2g0S0hBb2FRMHBUYkRCS1ZHWnFkazFEUmxsUWFuZFJiMlJpYzFWTlpGRWFLU29uQ2hoVlF6WjVNbHBHYWxweFJuTklNbmt5UWpBeFJFd3lTbmNTQ3preFRVaHlWalpTVnpkQklBSW9CRElhQ2hoVlEyWnViR2RQV2pCWmVIZHZaMGRTY0d4U1YxcDFlR2MlM0Q="
            }
        },
        "id": "ChwKGkNKU2wwSlRmanZNQ0ZZUGp3UW9kYnNVTWRR",
        "moneyChipBackgroundColor": 4280191205,
        "moneyChipTextColor": 4294967295,
        "purchaseAmountText": {
            "simpleText": "€1.99"
        },
        "sticker": {
            "accessibility": {
                "accessibilityData": {
                    "label": "A red hand pointing up"
                }
            },
            "thumbnails": [
                {
                    "height": 40,
                    "url": "//lh3.googleusercontent.com/je8GLqhCjZ3RSCU7krNFW9xcx-dkrabUkKn2TRa50OKWAw9LWJMHwXXGIEKrXaGC_LvZSTpJUu-ldB_zaABy=s40-rp",
                    "width": 40
                },
                {
                    "height": 80,
                    "url": "//lh3.googleusercontent.com/je8GLqhCjZ3RSCU7krNFW9xcx-dkrabUkKn2TRa50OKWAw9LWJMHwXXGIEKrXaGC_LvZSTpJUu-ldB_zaABy=s80-rp",
                    "width": 80
                }
            ]
        },
        "stickerDisplayHeight": 40,
        "stickerDisplayWidth": 40,
        "timestampUsec": "1632181848189432",
        "trackingParams": "CAwQ77sEIhMI9rmdwN-O8wIVFVybCh3HAgQY"
    }
}
